0,1094273853786,No,transfer --label=64 --no-verify-checksum --perf-p=1 --perf-cc=64 -- nersc#dtn/global/cscratch1/sd/yuanlai/gf_test/read_test_files/ nersc#dtn/global/project/projectdirs/m2930/lyl/gf_test/l2g_test/ -r,n/a,2018-07-10 14:45:26Z,No,2018-07-11 14:43:12Z,No,9d6d994a-6d04-11e5-ba46-22000b92c6ec,NERSC DTN,n/a,1,65820.984,n/a,n/a,1,0,4003,0,4003,n/a,No,64,n/a,n/a,2018-07-10 14:43:12Z,9d6d994a-6d04-11e5-ba46-22000b92c6ec,NERSC DTN,n/a,SUCCEEDED,n/a,91e99e5c-844f-11e8-9538-0a6d4e044368,TRANSFER,0,0,0,0,0,4005,4005
0,1094273853786,No,transfer --label=63 --no-verify-checksum --perf-p=1 --perf-cc=63 -- nersc#dtn/global/cscratch1/sd/yuanlai/gf_test/read_test_files/ nersc#dtn/global/project/projectdirs/m2930/lyl/gf_test/l2g_test/ -r,n/a,2018-07-10 14:43:11Z,No,2018-07-11 14:40:54Z,No,9d6d994a-6d04-11e5-ba46-22000b92c6ec,NERSC DTN,n/a,1,64845.858,n/a,n/a,1,0,4003,0,4003,n/a,No,63,n/a,n/a,2018-07-10 14:40:55Z,9d6d994a-6d04-11e5-ba46-22000b92c6ec,NERSC DTN,n/a,SUCCEEDED,n/a,3fdc7c88-844f-11e8-9538-0a6d4e044368,TRANSFER,0,0,0,0,0,4005,4005
0,1094273853786,No,transfer --label=62 --no-verify-checksum --perf-p=1 --perf-cc=62 -- nersc#dtn/global/cscratch1/sd/yuanlai/gf_test/read_test_files/ nersc#dtn/global/project/projectdirs/m2930/lyl/gf_test/l2g_test/ -r,n/a,2018-07-10 14:40:52Z,No,2018-07-11 14:38:31Z,No,9d6d994a-6d04-11e5-ba46-22000b92c6ec,NERSC DTN,n/a,1,62086.460,n/a,n/a,1,0,4003,0,4003,n/a,No,62,n/a,n/a,2018-07-10 14:38:31Z,9d6d994a-6d04-11e5-ba46-22000b92c6ec,NERSC DTN,n/a,SUCCEEDED,n/a,ea71b09c-844e-11e8-9538-0a6d4e044368,TRANSFER,0,0,0,0,0,4005,4005
0,1094273853786,No,transfer --label=61 --no-verify-checksum --perf-p=1 --perf-cc=61 -- nersc#dtn/global/cscratch1/sd/yuanlai/gf_test/read_test_files/ nersc#dtn/global/project/projectdirs/m2930/lyl/gf_test/l2g_test/ -r,n/a,2018-07-10 14:38:29Z,No,2018-07-11 14:36:40Z,No,9d6d994a-6d04-11e5-ba46-22000b92c6ec,NERSC DTN,n/a,1,81057.323,n/a,n/a,1,0,4003,0,4003,n/a,No,61,n/a,n/a,2018-07-10 14:36:40Z,9d6d994a-6d04-11e5-ba46-22000b92c6ec,NERSC DTN,n/a,SUCCEEDED,n/a,a854ae8a-844e-11e8-9538-0a6d4e044368,TRANSFER,0,0,0,0,0,4005,4005
0,1094273853786,No,transfer --label=60 --no-verify-checksum --perf-p=1 --perf-cc=60 -- nersc#dtn/global/cscratch1/sd/yuanlai/gf_test/read_test_files/ nersc#dtn/global/project/projectdirs/m2930/lyl/gf_test/l2g_test/ -r,n/a,2018-07-10 14:36:37Z,No,2018-07-11 14:34:51Z,No,9d6d994a-6d04-11e5-ba46-22000b92c6ec,NERSC DTN,n/a,1,83373.246,n/a,n/a,1,0,4003,0,4003,n/a,No,60,n/a,n/a,2018-07-10 14:34:51Z,9d6d994a-6d04-11e5-ba46-22000b92c6ec,NERSC DTN,n/a,SUCCEEDED,n/a,674f755a-844e-11e8-9538-0a6d4e044368,TRANSFER,0,0,0,0,0,4005,4005
0,1094273853786,No,transfer --label=59 --no-verify-checksum --perf-p=1 --perf-cc=59 -- nersc#dtn/global/cscratch1/sd/yuanlai/gf_test/read_test_files/ nersc#dtn/global/project/projectdirs/m2930/lyl/gf_test/l2g_test/ -r,n/a,2018-07-10 14:34:50Z,No,2018-07-11 14:33:12Z,No,9d6d994a-6d04-11e5-ba46-22000b92c6ec,NERSC DTN,n/a,1,90249.390,n/a,n/a,1,0,4003,0,4003,n/a,No,59,n/a,n/a,2018-07-10 14:33:12Z,9d6d994a-6d04-11e5-ba46-22000b92c6ec,NERSC DTN,n/a,SUCCEEDED,n/a,2c4f81ca-844e-11e8-9538-0a6d4e044368,TRANSFER,0,0,0,0,0,4005,4005
0,1094273853786,No,transfer --label=58 --no-verify-checksum --perf-p=1 --perf-cc=58 -- nersc#dtn/global/cscratch1/sd/yuanlai/gf_test/read_test_files/ nersc#dtn/global/project/projectdirs/m2930/lyl/gf_test/l2g_test/ -r,n/a,2018-07-10 14:33:09Z,No,2018-07-11 14:31:23Z,No,9d6d994a-6d04-11e5-ba46-22000b92c6ec,NERSC DTN,n/a,1,82586.706,n/a,n/a,1,0,4003,0,4003,n/a,No,58,n/a,n/a,2018-07-10 14:31:23Z,9d6d994a-6d04-11e5-ba46-22000b92c6ec,NERSC DTN,n/a,SUCCEEDED,n/a,eb4b4678-844d-11e8-9538-0a6d4e044368,TRANSFER,0,0,0,0,0,4005,4005
0,1094273853786,No,transfer --label=57 --no-verify-checksum --perf-p=1 --perf-cc=57 -- nersc#dtn/global/cscratch1/sd/yuanlai/gf_test/read_test_files/ nersc#dtn/global/project/projectdirs/m2930/lyl/gf_test/l2g_test/ -r,n/a,2018-07-10 14:31:21Z,No,2018-07-11 14:29:54Z,No,9d6d994a-6d04-11e5-ba46-22000b92c6ec,NERSC DTN,n/a,1,101792.917,n/a,n/a,1,0,4003,0,4003,n/a,No,57,n/a,n/a,2018-07-10 14:29:54Z,9d6d994a-6d04-11e5-ba46-22000b92c6ec,NERSC DTN,n/a,SUCCEEDED,n/a,b65f5b0c-844d-11e8-9538-0a6d4e044368,TRANSFER,0,0,0,0,0,4005,4005
0,1094273853786,No,transfer --label=56 --no-verify-checksum --perf-p=1 --perf-cc=56 -- nersc#dtn/global/cscratch1/sd/yuanlai/gf_test/read_test_files/ nersc#dtn/global/project/projectdirs/m2930/lyl/gf_test/l2g_test/ -r,n/a,2018-07-10 14:29:52Z,No,2018-07-11 14:28:23Z,No,9d6d994a-6d04-11e5-ba46-22000b92c6ec,NERSC DTN,n/a,1,99479.441,n/a,n/a,1,0,4003,0,4003,n/a,No,56,n/a,n/a,2018-07-10 14:28:24Z,9d6d994a-6d04-11e5-ba46-22000b92c6ec,NERSC DTN,n/a,SUCCEEDED,n/a,8043a6c2-844d-11e8-9537-0a6d4e044368,TRANSFER,0,0,0,0,0,4005,4005
0,1094273853786,No,transfer --label=55 --no-verify-checksum --perf-p=1 --perf-cc=55 -- nersc#dtn/global/cscratch1/sd/yuanlai/gf_test/read_test_files/ nersc#dtn/global/project/projectdirs/m2930/lyl/gf_test/l2g_test/ -r,n/a,2018-07-10 14:28:21Z,No,2018-07-11 14:26:28Z,No,9d6d994a-6d04-11e5-ba46-22000b92c6ec,NERSC DTN,n/a,1,77470.715,n/a,n/a,1,0,4003,0,4003,n/a,No,55,n/a,n/a,2018-07-10 14:26:28Z,9d6d994a-6d04-11e5-ba46-22000b92c6ec,NERSC DTN,n/a,SUCCEEDED,n/a,3b5d5896-844d-11e8-9537-0a6d4e044368,TRANSFER,0,0,0,0,0,4005,4005
0,1094273853786,No,transfer --label=54 --no-verify-checksum --perf-p=1 --perf-cc=54 -- nersc#dtn/global/cscratch1/sd/yuanlai/gf_test/read_test_files/ nersc#dtn/global/project/projectdirs/m2930/lyl/gf_test/l2g_test/ -r,n/a,2018-07-10 14:26:26Z,No,2018-07-11 14:24:35Z,No,9d6d994a-6d04-11e5-ba46-22000b92c6ec,NERSC DTN,n/a,1,78866.584,n/a,n/a,1,0,4003,0,4003,n/a,No,54,n/a,n/a,2018-07-10 14:24:35Z,9d6d994a-6d04-11e5-ba46-22000b92c6ec,NERSC DTN,n/a,SUCCEEDED,n/a,f7f0ce8a-844c-11e8-9537-0a6d4e044368,TRANSFER,0,0,0,0,0,4005,4005
0,1094273853786,No,transfer --label=53 --no-verify-checksum --perf-p=1 --perf-cc=53 -- nersc#dtn/global/cscratch1/sd/yuanlai/gf_test/read_test_files/ nersc#dtn/global/project/projectdirs/m2930/lyl/gf_test/l2g_test/ -r,n/a,2018-07-10 14:24:32Z,No,2018-07-11 14:22:50Z,No,9d6d994a-6d04-11e5-ba46-22000b92c6ec,NERSC DTN,n/a,1,86675.157,n/a,n/a,1,0,4003,0,4003,n/a,No,53,n/a,n/a,2018-07-10 14:22:50Z,9d6d994a-6d04-11e5-ba46-22000b92c6ec,NERSC DTN,n/a,SUCCEEDED,n/a,b989bb5c-844c-11e8-9537-0a6d4e044368,TRANSFER,0,0,0,0,0,4005,4005
0,274592429305,No,transfer --label=60 --no-verify-checksum --perf-p=1 --perf-cc=60 -- nersc#dtn/global/cscratch1/sd/yuanlai/gf_test/read_test_files/ nersc#dtn/global/project/projectdirs/m2930/lyl/gf_test/l2g_test/ -r,n/a,2018-07-10 14:22:10Z,No,2018-07-11 14:21:17Z,No,9d6d994a-6d04-11e5-ba46-22000b92c6ec,NERSC DTN,n/a,1,41447.914,n/a,n/a,1,0,4003,0,999,n/a,No,60,n/a,n/a,2018-07-10 14:21:17Z,9d6d994a-6d04-11e5-ba46-22000b92c6ec,NERSC DTN,n/a,FAILED,n/a,81e4e5be-844c-11e8-9537-0a6d4e044368,TRANSFER,3004,0,0,0,0,1001,4005
0,1094273853786,No,transfer --label=52 --no-verify-checksum --perf-p=1 --perf-cc=52 -- nersc#dtn/global/cscratch1/sd/yuanlai/gf_test/read_test_files/ nersc#dtn/global/project/projectdirs/m2930/lyl/gf_test/l2g_test/ -r,n/a,2018-07-10 04:16:20Z,No,2018-07-11 04:14:24Z,No,9d6d994a-6d04-11e5-ba46-22000b92c6ec,NERSC DTN,n/a,1,76791.148,n/a,n/a,1,0,4003,0,4003,n/a,No,52,n/a,n/a,2018-07-10 04:14:25Z,9d6d994a-6d04-11e5-ba46-22000b92c6ec,NERSC DTN,n/a,SUCCEEDED,n/a,ba4971e0-83f7-11e8-9536-0a6d4e044368,TRANSFER,0,0,0,0,0,4005,4005
0,1094273853786,No,transfer --label=51 --no-verify-checksum --perf-p=1 --perf-cc=51 -- nersc#dtn/global/cscratch1/sd/yuanlai/gf_test/read_test_files/ nersc#dtn/global/project/projectdirs/m2930/lyl/gf_test/l2g_test/ -r,n/a,2018-07-10 04:14:22Z,No,2018-07-11 04:12:35Z,No,9d6d994a-6d04-11e5-ba46-22000b92c6ec,NERSC DTN,n/a,1,82586.706,n/a,n/a,1,0,4003,0,4003,n/a,No,51,n/a,n/a,2018-07-10 04:12:35Z,9d6d994a-6d04-11e5-ba46-22000b92c6ec,NERSC DTN,n/a,SUCCEEDED,n/a,791923dc-83f7-11e8-9536-0a6d4e044368,TRANSFER,0,0,0,0,0,4005,4005
0,1094273853786,No,transfer --label=50 --no-verify-checksum --perf-p=1 --perf-cc=50 -- nersc#dtn/global/cscratch1/sd/yuanlai/gf_test/read_test_files/ nersc#dtn/global/project/projectdirs/m2930/lyl/gf_test/l2g_test/ -r,n/a,2018-07-10 04:12:32Z,No,2018-07-11 04:11:02Z,No,9d6d994a-6d04-11e5-ba46-22000b92c6ec,NERSC DTN,n/a,1,77470.715,n/a,n/a,1,0,4003,0,4003,n/a,No,50,n/a,n/a,2018-07-10 04:10:39Z,9d6d994a-6d04-11e5-ba46-22000b92c6ec,NERSC DTN,n/a,SUCCEEDED,n/a,3441f806-83f7-11e8-9536-0a6d4e044368,TRANSFER,0,0,0,0,0,4005,4005
0,1094273853786,No,transfer --label=49 --no-verify-checksum --perf-p=1 --perf-cc=49 -- nersc#dtn/global/cscratch1/sd/yuanlai/gf_test/read_test_files/ nersc#dtn/global/project/projectdirs/m2930/lyl/gf_test/l2g_test/ -r,n/a,2018-07-10 04:10:37Z,No,2018-07-11 04:08:58Z,No,9d6d994a-6d04-11e5-ba46-22000b92c6ec,NERSC DTN,n/a,1,88426.170,n/a,n/a,1,0,4003,0,4003,n/a,No,49,n/a,n/a,2018-07-10 04:08:58Z,9d6d994a-6d04-11e5-ba46-22000b92c6ec,NERSC DTN,n/a,SUCCEEDED,n/a,f7fb3cc2-83f6-11e8-9536-0a6d4e044368,TRANSFER,0,0,0,0,0,4005,4005
0,1094273853786,No,transfer --label=48 --no-verify-checksum --perf-p=1 --perf-cc=48 -- nersc#dtn/global/cscratch1/sd/yuanlai/gf_test/read_test_files/ nersc#dtn/global/project/projectdirs/m2930/lyl/gf_test/l2g_test/ -r,n/a,2018-07-10 04:08:56Z,No,2018-07-11 04:07:09Z,No,9d6d994a-6d04-11e5-ba46-22000b92c6ec,NERSC DTN,n/a,1,81814.868,n/a,n/a,1,0,4003,0,4003,n/a,No,48,n/a,n/a,2018-07-10 04:07:09Z,9d6d994a-6d04-11e5-ba46-22000b92c6ec,NERSC DTN,n/a,SUCCEEDED,n/a,b6d93802-83f6-11e8-9536-0a6d4e044368,TRANSFER,0,0,0,0,0,4005,4005
0,1094273853786,No,transfer --label=47 --no-verify-checksum --perf-p=1 --perf-cc=47 -- nersc#dtn/global/cscratch1/sd/yuanlai/gf_test/read_test_files/ nersc#dtn/global/project/projectdirs/m2930/lyl/gf_test/l2g_test/ -r,n/a,2018-07-10 04:07:07Z,No,2018-07-11 04:05:26Z,No,9d6d994a-6d04-11e5-ba46-22000b92c6ec,NERSC DTN,n/a,1,86675.157,n/a,n/a,1,0,4003,0,4003,n/a,No,47,n/a,n/a,2018-07-10 04:05:26Z,9d6d994a-6d04-11e5-ba46-22000b92c6ec,NERSC DTN,n/a,SUCCEEDED,n/a,79509dea-83f6-11e8-9536-0a6d4e044368,TRANSFER,0,0,0,0,0,4005,4005
0,1094273853786,No,transfer --label=46 --no-verify-checksum --perf-p=1 --perf-cc=46 -- nersc#dtn/global/cscratch1/sd/yuanlai/gf_test/read_test_files/ nersc#dtn/global/project/projectdirs/m2930/lyl/gf_test/l2g_test/ -r,n/a,2018-07-10 04:05:24Z,No,2018-07-11 04:03:30Z,No,9d6d994a-6d04-11e5-ba46-22000b92c6ec,NERSC DTN,n/a,1,77470.715,n/a,n/a,1,0,4003,0,4003,n/a,No,46,n/a,n/a,2018-07-10 04:03:30Z,9d6d994a-6d04-11e5-ba46-22000b92c6ec,NERSC DTN,n/a,SUCCEEDED,n/a,34759004-83f6-11e8-9536-0a6d4e044368,TRANSFER,0,0,0,0,0,4005,4005
0,1094273853786,No,transfer --label=45 --no-verify-checksum --perf-p=1 --perf-cc=45 -- nersc#dtn/global/cscratch1/sd/yuanlai/gf_test/read_test_files/ nersc#dtn/global/project/projectdirs/m2930/lyl/gf_test/l2g_test/ -r,n/a,2018-07-10 04:03:29Z,No,2018-07-11 04:01:39Z,No,9d6d994a-6d04-11e5-ba46-22000b92c6ec,NERSC DTN,n/a,1,80313.677,n/a,n/a,1,0,4003,0,4003,n/a,No,45,n/a,n/a,2018-07-10 04:01:39Z,9d6d994a-6d04-11e5-ba46-22000b92c6ec,NERSC DTN,n/a,SUCCEEDED,n/a,f21d4a9e-83f5-11e8-9536-0a6d4e044368,TRANSFER,0,0,0,0,0,4005,4005
0,1094273853786,No,transfer --label=44 --no-verify-checksum --perf-p=1 --perf-cc=44 -- nersc#dtn/global/cscratch1/sd/yuanlai/gf_test/read_test_files/ nersc#dtn/global/project/projectdirs/m2930/lyl/gf_test/l2g_test/ -r,n/a,2018-07-10 04:01:37Z,No,2018-07-11 03:59:47Z,No,9d6d994a-6d04-11e5-ba46-22000b92c6ec,NERSC DTN,n/a,1,80313.677,n/a,n/a,1,0,4003,0,4003,n/a,No,44,n/a,n/a,2018-07-10 03:59:48Z,9d6d994a-6d04-11e5-ba46-22000b92c6ec,NERSC DTN,n/a,SUCCEEDED,n/a,af724212-83f5-11e8-9536-0a6d4e044368,TRANSFER,0,0,0,0,0,4005,4005
0,1094273853786,No,transfer --label=43 --no-verify-checksum --perf-p=1 --perf-cc=43 -- nersc#dtn/global/cscratch1/sd/yuanlai/gf_test/read_test_files/ nersc#dtn/global/project/projectdirs/m2930/lyl/gf_test/l2g_test/ -r,n/a,2018-07-10 03:59:44Z,No,2018-07-11 03:57:53Z,No,9d6d994a-6d04-11e5-ba46-22000b92c6ec,NERSC DTN,n/a,1,79583.553,n/a,n/a,1,0,4003,0,4003,n/a,No,43,n/a,n/a,2018-07-10 03:57:54Z,9d6d994a-6d04-11e5-ba46-22000b92c6ec,NERSC DTN,n/a,SUCCEEDED,n/a,6bd74728-83f5-11e8-9536-0a6d4e044368,TRANSFER,0,0,0,0,0,4005,4005
0,1094273853786,No,transfer --label=42 --no-verify-checksum --perf-p=1 --perf-cc=42 -- nersc#dtn/global/cscratch1/sd/yuanlai/gf_test/read_test_files/ nersc#dtn/global/project/projectdirs/m2930/lyl/gf_test/l2g_test/ -r,n/a,2018-07-10 03:57:50Z,No,2018-07-11 03:56:02Z,No,9d6d994a-6d04-11e5-ba46-22000b92c6ec,NERSC DTN,n/a,1,81057.323,n/a,n/a,1,0,4003,0,4003,n/a,No,42,n/a,n/a,2018-07-10 03:56:02Z,9d6d994a-6d04-11e5-ba46-22000b92c6ec,NERSC DTN,n/a,SUCCEEDED,n/a,29757490-83f5-11e8-9536-0a6d4e044368,TRANSFER,0,0,0,0,0,4005,4005
0,1094273853786,No,transfer --label=41 --no-verify-checksum --perf-p=1 --perf-cc=41 -- nersc#dtn/global/cscratch1/sd/yuanlai/gf_test/read_test_files/ nersc#dtn/global/project/projectdirs/m2930/lyl/gf_test/l2g_test/ -r,n/a,2018-07-10 03:56:00Z,No,2018-07-11 03:54:01Z,No,9d6d994a-6d04-11e5-ba46-22000b92c6ec,NERSC DTN,n/a,1,74188.058,n/a,n/a,1,0,4003,0,4003,n/a,No,41,n/a,n/a,2018-07-10 03:54:01Z,9d6d994a-6d04-11e5-ba46-22000b92c6ec,NERSC DTN,n/a,SUCCEEDED,n/a,e0e37ace-83f4-11e8-9536-0a6d4e044368,TRANSFER,0,0,0,0,0,4005,4005
0,1094273853786,No,transfer --label=40 --no-verify-checksum --perf-p=1 --perf-cc=40 -- nersc#dtn/global/cscratch1/sd/yuanlai/gf_test/read_test_files/ nersc#dtn/global/project/projectdirs/m2930/lyl/gf_test/l2g_test/ -r,n/a,2018-07-10 03:53:58Z,No,2018-07-11 03:52:17Z,No,9d6d994a-6d04-11e5-ba46-22000b92c6ec,NERSC DTN,n/a,1,87541.908,n/a,n/a,1,0,4003,0,4003,n/a,No,40,n/a,n/a,2018-07-10 03:52:17Z,9d6d994a-6d04-11e5-ba46-22000b92c6ec,NERSC DTN,n/a,SUCCEEDED,n/a,a36385cc-83f4-11e8-9535-0a6d4e044368,TRANSFER,0,0,0,0,0,4005,4005
0,1094273853786,No,transfer --label=39 --no-verify-checksum --perf-p=1 --perf-cc=39 -- nersc#dtn/global/cscratch1/sd/yuanlai/gf_test/read_test_files/ nersc#dtn/global/project/projectdirs/m2930/lyl/gf_test/l2g_test/ -r,n/a,2018-07-10 03:52:15Z,No,2018-07-11 03:50:32Z,No,9d6d994a-6d04-11e5-ba46-22000b92c6ec,NERSC DTN,n/a,1,84992.144,n/a,n/a,1,0,4003,0,4003,n/a,No,39,n/a,n/a,2018-07-10 03:50:32Z,9d6d994a-6d04-11e5-ba46-22000b92c6ec,NERSC DTN,n/a,SUCCEEDED,n/a,64a235fe-83f4-11e8-9534-0a6d4e044368,TRANSFER,0,0,0,0,0,4005,4005
0,1094273853786,No,transfer --label=38 --no-verify-checksum --perf-p=1 --perf-cc=38 -- nersc#dtn/global/cscratch1/sd/yuanlai/gf_test/read_test_files/ nersc#dtn/global/project/projectdirs/m2930/lyl/gf_test/l2g_test/ -r,n/a,2018-07-10 03:50:30Z,No,2018-07-11 03:48:58Z,No,9d6d994a-6d04-11e5-ba46-22000b92c6ec,NERSC DTN,n/a,1,96199.899,n/a,n/a,1,0,4003,0,4003,n/a,No,38,n/a,n/a,2018-07-10 03:48:59Z,9d6d994a-6d04-11e5-ba46-22000b92c6ec,NERSC DTN,n/a,SUCCEEDED,n/a,2cddd6d2-83f4-11e8-9534-0a6d4e044368,TRANSFER,0,0,0,0,0,4005,4005
0,1094273853786,No,transfer --label=37 --no-verify-checksum --perf-p=1 --perf-cc=37 -- nersc#dtn/global/cscratch1/sd/yuanlai/gf_test/read_test_files/ nersc#dtn/global/project/projectdirs/m2930/lyl/gf_test/l2g_test/ -r,n/a,2018-07-10 03:48:55Z,No,2018-07-11 03:46:53Z,No,9d6d994a-6d04-11e5-ba46-22000b92c6ec,NERSC DTN,n/a,1,71755.663,n/a,n/a,1,0,4003,0,4003,n/a,No,37,n/a,n/a,2018-07-10 03:46:53Z,9d6d994a-6d04-11e5-ba46-22000b92c6ec,NERSC DTN,n/a,SUCCEEDED,n/a,e2475a1c-83f3-11e8-9533-0a6d4e044368,TRANSFER,0,0,0,0,0,4005,4005
0,1094273853786,No,transfer --label=36 --no-verify-checksum --perf-p=1 --perf-cc=36 -- nersc#dtn/global/cscratch1/sd/yuanlai/gf_test/read_test_files/ nersc#dtn/global/project/projectdirs/m2930/lyl/gf_test/l2g_test/ -r,n/a,2018-07-10 03:46:50Z,No,2018-07-11 03:45:06Z,No,9d6d994a-6d04-11e5-ba46-22000b92c6ec,NERSC DTN,n/a,1,84174.912,n/a,n/a,1,0,4003,0,4003,n/a,No,36,n/a,n/a,2018-07-10 03:45:06Z,9d6d994a-6d04-11e5-ba46-22000b92c6ec,NERSC DTN,n/a,SUCCEEDED,n/a,a24deab6-83f3-11e8-9533-0a6d4e044368,TRANSFER,0,0,0,0,0,4005,4005
0,1094273853786,No,transfer --label=35 --no-verify-checksum --perf-p=1 --perf-cc=35 -- nersc#dtn/global/cscratch1/sd/yuanlai/gf_test/read_test_files/ nersc#dtn/global/project/projectdirs/m2930/lyl/gf_test/l2g_test/ -r,n/a,2018-07-10 03:45:03Z,No,2018-07-11 03:43:14Z,No,9d6d994a-6d04-11e5-ba46-22000b92c6ec,NERSC DTN,n/a,1,81057.323,n/a,n/a,1,0,4003,0,4003,n/a,No,35,n/a,n/a,2018-07-10 03:43:14Z,9d6d994a-6d04-11e5-ba46-22000b92c6ec,NERSC DTN,n/a,SUCCEEDED,n/a,5fb47a4e-83f3-11e8-9532-0a6d4e044368,TRANSFER,0,0,0,0,0,4005,4005
0,1094273853786,No,transfer --label=34 --no-verify-checksum --perf-p=1 --perf-cc=34 -- nersc#dtn/global/cscratch1/sd/yuanlai/gf_test/read_test_files/ nersc#dtn/global/project/projectdirs/m2930/lyl/gf_test/l2g_test/ -r,n/a,2018-07-09 23:39:18Z,No,2018-07-10 23:37:32Z,No,9d6d994a-6d04-11e5-ba46-22000b92c6ec,NERSC DTN,n/a,1,82586.706,n/a,n/a,1,0,4003,0,4003,n/a,No,34,n/a,n/a,2018-07-09 23:37:32Z,9d6d994a-6d04-11e5-ba46-22000b92c6ec,NERSC DTN,n/a,SUCCEEDED,n/a,0c907204-83d1-11e8-9526-0a6d4e044368,TRANSFER,0,0,0,0,0,4005,4005
0,1094273853786,No,transfer --label=33 --no-verify-checksum --perf-p=1 --perf-cc=33 -- nersc#dtn/global/cscratch1/sd/yuanlai/gf_test/read_test_files/ nersc#dtn/global/project/projectdirs/m2930/lyl/gf_test/l2g_test/ -r,n/a,2018-07-09 23:37:29Z,No,2018-07-10 23:35:35Z,No,9d6d994a-6d04-11e5-ba46-22000b92c6ec,NERSC DTN,n/a,1,77470.715,n/a,n/a,1,0,4003,0,4003,n/a,No,33,n/a,n/a,2018-07-09 23:35:35Z,9d6d994a-6d04-11e5-ba46-22000b92c6ec,NERSC DTN,n/a,SUCCEEDED,n/a,c6dd5402-83d0-11e8-9526-0a6d4e044368,TRANSFER,0,0,0,0,0,4005,4005
0,1094273853786,No,transfer --label=32 --no-verify-checksum --perf-p=1 --perf-cc=32 -- nersc#dtn/global/cscratch1/sd/yuanlai/gf_test/read_test_files/ nersc#dtn/global/project/projectdirs/m2930/lyl/gf_test/l2g_test/ -r,n/a,2018-07-09 23:35:33Z,No,2018-07-10 23:33:42Z,No,9d6d994a-6d04-11e5-ba46-22000b92c6ec,NERSC DTN,n/a,1,79583.553,n/a,n/a,1,0,4003,0,4003,n/a,No,32,n/a,n/a,2018-07-09 23:33:42Z,9d6d994a-6d04-11e5-ba46-22000b92c6ec,NERSC DTN,n/a,SUCCEEDED,n/a,83421232-83d0-11e8-9526-0a6d4e044368,TRANSFER,0,0,0,0,0,4005,4005
0,1094273853786,No,transfer --label=31 --no-verify-checksum --perf-p=1 --perf-cc=31 -- nersc#dtn/global/cscratch1/sd/yuanlai/gf_test/read_test_files/ nersc#dtn/global/project/projectdirs/m2930/lyl/gf_test/l2g_test/ -r,n/a,2018-07-09 23:33:40Z,No,2018-07-10 23:32:02Z,No,9d6d994a-6d04-11e5-ba46-22000b92c6ec,NERSC DTN,n/a,1,90249.390,n/a,n/a,1,0,4003,0,4003,n/a,No,31,n/a,n/a,2018-07-09 23:32:02Z,9d6d994a-6d04-11e5-ba46-22000b92c6ec,NERSC DTN,n/a,SUCCEEDED,n/a,48228ccc-83d0-11e8-9526-0a6d4e044368,TRANSFER,0,0,0,0,0,4005,4005
0,1094273853786,No,transfer --label=30 --no-verify-checksum --perf-p=1 --perf-cc=30 -- nersc#dtn/global/cscratch1/sd/yuanlai/gf_test/read_test_files/ nersc#dtn/global/project/projectdirs/m2930/lyl/gf_test/l2g_test/ -r,n/a,2018-07-09 23:32:00Z,No,2018-07-10 23:29:53Z,No,9d6d994a-6d04-11e5-ba46-22000b92c6ec,NERSC DTN,n/a,1,69477.705,n/a,n/a,1,0,4003,0,4003,n/a,No,30,n/a,n/a,2018-07-09 23:29:53Z,9d6d994a-6d04-11e5-ba46-22000b92c6ec,NERSC DTN,n/a,SUCCEEDED,n/a,fb246ff8-83cf-11e8-9526-0a6d4e044368,TRANSFER,0,0,0,0,0,4005,4005
0,1094273853786,No,transfer --label=29 --no-verify-checksum --perf-p=1 --perf-cc=29 -- nersc#dtn/global/cscratch1/sd/yuanlai/gf_test/read_test_files/ nersc#dtn/global/project/projectdirs/m2930/lyl/gf_test/l2g_test/ -r,n/a,2018-07-09 23:29:47Z,No,2018-07-10 23:27:41Z,No,9d6d994a-6d04-11e5-ba46-22000b92c6ec,NERSC DTN,n/a,1,70033.527,n/a,n/a,1,0,4003,0,4003,n/a,No,29,n/a,n/a,2018-07-09 23:27:41Z,9d6d994a-6d04-11e5-ba46-22000b92c6ec,NERSC DTN,n/a,SUCCEEDED,n/a,ac9c8442-83cf-11e8-9526-0a6d4e044368,TRANSFER,0,0,0,0,0,4005,4005
0,1094273853786,No,transfer --no-verify-checksum --perf-p=1 --perf-cc=28 -- nersc#dtn/global/cscratch1/sd/yuanlai/gf_test/read_test_files/ nersc#dtn/global/project/projectdirs/m2930/lyl/gf_test/l2g_test/ -r,n/a,2018-07-09 23:22:16Z,No,2018-07-10 23:20:22Z,No,9d6d994a-6d04-11e5-ba46-22000b92c6ec,NERSC DTN,n/a,1,76791.148,n/a,n/a,1,0,4003,0,4003,n/a,No,n/a,n/a,n/a,2018-07-09 23:20:22Z,9d6d994a-6d04-11e5-ba46-22000b92c6ec,NERSC DTN,n/a,SUCCEEDED,n/a,a68a243e-83ce-11e8-9526-0a6d4e044368,TRANSFER,0,0,0,0,0,4005,4005
0,1094273853786,No,transfer --no-verify-checksum --perf-p=1 --perf-cc=27 -- nersc#dtn/global/cscratch1/sd/yuanlai/gf_test/read_test_files/ nersc#dtn/global/project/projectdirs/m2930/lyl/gf_test/l2g_test/ -r,n/a,2018-07-09 23:20:20Z,No,2018-07-10 23:18:12Z,No,9d6d994a-6d04-11e5-ba46-22000b92c6ec,NERSC DTN,n/a,1,68930.636,n/a,n/a,1,0,4003,0,4003,n/a,No,n/a,n/a,n/a,2018-07-09 23:18:13Z,9d6d994a-6d04-11e5-ba46-22000b92c6ec,NERSC DTN,n/a,SUCCEEDED,n/a,59a07a6a-83ce-11e8-9526-0a6d4e044368,TRANSFER,0,0,0,0,0,4005,4005
0,1094273853786,No,transfer --no-verify-checksum --perf-p=1 --perf-cc=26 -- nersc#dtn/global/cscratch1/sd/yuanlai/gf_test/read_test_files/ nersc#dtn/global/project/projectdirs/m2930/lyl/gf_test/l2g_test/ -r,n/a,2018-07-09 23:18:09Z,No,2018-07-10 23:15:55Z,No,9d6d994a-6d04-11e5-ba46-22000b92c6ec,NERSC DTN,n/a,1,65820.984,n/a,n/a,1,0,4003,0,4003,n/a,No,n/a,n/a,n/a,2018-07-09 23:15:56Z,9d6d994a-6d04-11e5-ba46-22000b92c6ec,NERSC DTN,n/a,SUCCEEDED,n/a,07d26126-83ce-11e8-9526-0a6d4e044368,TRANSFER,0,0,0,0,0,4005,4005
0,1094273853786,No,transfer --no-verify-checksum --perf-p=1 --perf-cc=25 -- nersc#dtn/global/cscratch1/sd/yuanlai/gf_test/read_test_files/ nersc#dtn/global/project/projectdirs/m2930/lyl/gf_test/l2g_test/ -r,n/a,2018-07-09 23:15:54Z,No,2018-07-10 23:13:52Z,No,9d6d994a-6d04-11e5-ba46-22000b92c6ec,NERSC DTN,n/a,1,72348.685,n/a,n/a,1,0,4003,0,4003,n/a,No,n/a,n/a,n/a,2018-07-09 23:13:52Z,9d6d994a-6d04-11e5-ba46-22000b92c6ec,NERSC DTN,n/a,SUCCEEDED,n/a,be6a62f4-83cd-11e8-9526-0a6d4e044368,TRANSFER,0,0,0,0,0,4005,4005
0,1094273853786,No,transfer --no-verify-checksum --perf-p=1 --perf-cc=24 -- nersc#dtn/global/cscratch1/sd/yuanlai/gf_test/read_test_files/ nersc#dtn/global/project/projectdirs/m2930/lyl/gf_test/l2g_test/ -r,n/a,2018-07-09 23:13:50Z,No,2018-07-10 23:11:45Z,No,9d6d994a-6d04-11e5-ba46-22000b92c6ec,NERSC DTN,n/a,1,70033.527,n/a,n/a,1,0,4003,0,4003,n/a,No,n/a,n/a,n/a,2018-07-09 23:11:45Z,9d6d994a-6d04-11e5-ba46-22000b92c6ec,NERSC DTN,n/a,SUCCEEDED,n/a,72a1f6ca-83cd-11e8-9526-0a6d4e044368,TRANSFER,0,0,0,0,0,4005,4005
0,1094273853786,No,transfer --no-verify-checksum --perf-p=1 --perf-cc=23 -- nersc#dtn/global/cscratch1/sd/yuanlai/gf_test/read_test_files/ nersc#dtn/global/project/projectdirs/m2930/lyl/gf_test/l2g_test/ -r,n/a,2018-07-09 23:11:44Z,No,2018-07-12 23:10:15Z,No,9d6d994a-6d04-11e5-ba46-22000b92c6ec,NERSC DTN,n/a,1,65820.984,n/a,n/a,1,0,4003,0,4003,n/a,No,n/a,n/a,n/a,2018-07-09 23:09:30Z,9d6d994a-6d04-11e5-ba46-22000b92c6ec,NERSC DTN,n/a,SUCCEEDED,n/a,220853da-83cd-11e8-9526-0a6d4e044368,TRANSFER,0,0,0,0,0,4005,4005
0,1094273853786,No,transfer --no-verify-checksum --perf-p=1 --perf-cc=22 -- nersc#dtn/global/cscratch1/sd/yuanlai/gf_test/read_test_files/ nersc#dtn/global/project/projectdirs/m2930/lyl/gf_test/l2g_test/ -r,n/a,2018-07-09 23:09:28Z,No,2018-07-10 23:07:15Z,No,9d6d994a-6d04-11e5-ba46-22000b92c6ec,NERSC DTN,n/a,1,66319.628,n/a,n/a,1,0,4003,0,4003,n/a,No,n/a,n/a,n/a,2018-07-09 23:07:15Z,9d6d994a-6d04-11e5-ba46-22000b92c6ec,NERSC DTN,n/a,SUCCEEDED,n/a,d18abd44-83cc-11e8-9526-0a6d4e044368,TRANSFER,0,0,0,0,0,4005,4005
0,1094273853786,No,transfer --no-verify-checksum --perf-p=1 --perf-cc=21 -- nersc#dtn/global/cscratch1/sd/yuanlai/gf_test/read_test_files/ nersc#dtn/global/project/projectdirs/m2930/lyl/gf_test/l2g_test/ -r,n/a,2018-07-09 23:07:12Z,No,2018-07-10 23:04:41Z,No,9d6d994a-6d04-11e5-ba46-22000b92c6ec,NERSC DTN,n/a,1,58361.272,n/a,n/a,1,0,4003,0,4003,n/a,No,n/a,n/a,n/a,2018-07-09 23:04:42Z,9d6d994a-6d04-11e5-ba46-22000b92c6ec,NERSC DTN,n/a,SUCCEEDED,n/a,7624c9a4-83cc-11e8-9526-0a6d4e044368,TRANSFER,0,0,0,0,0,4005,4005
0,1094273853786,No,transfer --no-verify-checksum --perf-p=1 --perf-cc=20 -- nersc#dtn/global/cscratch1/sd/yuanlai/gf_test/read_test_files/ nersc#dtn/global/project/projectdirs/m2930/lyl/gf_test/l2g_test/ -r,n/a,2018-07-09 23:04:39Z,No,2018-07-10 23:02:28Z,No,9d6d994a-6d04-11e5-ba46-22000b92c6ec,NERSC DTN,n/a,1,67339.929,n/a,n/a,1,0,4003,0,4003,n/a,No,n/a,n/a,n/a,2018-07-09 23:02:28Z,9d6d994a-6d04-11e5-ba46-22000b92c6ec,NERSC DTN,n/a,SUCCEEDED,n/a,26b0c65c-83cc-11e8-9526-0a6d4e044368,TRANSFER,0,0,0,0,0,4005,4005
0,1094273853786,No,transfer --no-verify-checksum --perf-p=1 --perf-cc=19 -- nersc#dtn/global/cscratch1/sd/yuanlai/gf_test/read_test_files/ nersc#dtn/global/project/projectdirs/m2930/lyl/gf_test/l2g_test/ -r,n/a,2018-07-09 23:02:26Z,No,2018-07-10 22:59:39Z,No,9d6d994a-6d04-11e5-ba46-22000b92c6ec,NERSC DTN,n/a,1,52736.089,n/a,n/a,1,0,4003,0,4003,n/a,No,n/a,n/a,n/a,2018-07-09 22:59:39Z,9d6d994a-6d04-11e5-ba46-22000b92c6ec,NERSC DTN,n/a,SUCCEEDED,n/a,c1d5fb9e-83cb-11e8-9526-0a6d4e044368,TRANSFER,0,0,0,0,0,4005,4005
0,1094273853786,No,transfer --no-verify-checksum --perf-p=1 --perf-cc=18 -- nersc#dtn/global/cscratch1/sd/yuanlai/gf_test/read_test_files/ nersc#dtn/global/project/projectdirs/m2930/lyl/gf_test/l2g_test/ -r,n/a,2018-07-09 22:59:37Z,No,2018-07-10 22:57:38Z,No,9d6d994a-6d04-11e5-ba46-22000b92c6ec,NERSC DTN,n/a,1,73564.629,n/a,n/a,1,0,4003,0,4003,n/a,No,n/a,n/a,n/a,2018-07-09 22:57:38Z,9d6d994a-6d04-11e5-ba46-22000b92c6ec,NERSC DTN,n/a,SUCCEEDED,n/a,79b4b8a0-83cb-11e8-9526-0a6d4e044368,TRANSFER,0,0,0,0,0,4005,4005
0,1094273853786,No,transfer --no-verify-checksum --perf-p=1 --perf-cc=17 -- nersc#dtn/global/cscratch1/sd/yuanlai/gf_test/read_test_files/ nersc#dtn/global/project/projectdirs/m2930/lyl/gf_test/l2g_test/ -r,n/a,2018-07-09 22:57:36Z,No,2018-07-10 22:55:19Z,No,9d6d994a-6d04-11e5-ba46-22000b92c6ec,NERSC DTN,n/a,1,63899.203,n/a,n/a,1,0,4003,0,4003,n/a,No,n/a,n/a,n/a,2018-07-09 22:55:19Z,9d6d994a-6d04-11e5-ba46-22000b92c6ec,NERSC DTN,n/a,SUCCEEDED,n/a,26acf3e8-83cb-11e8-9526-0a6d4e044368,TRANSFER,0,0,0,0,0,4005,4005
0,1094273853786,No,transfer --no-verify-checksum --perf-p=1 --perf-cc=16 -- nersc#dtn/global/cscratch1/sd/yuanlai/gf_test/read_test_files/ nersc#dtn/global/project/projectdirs/m2930/lyl/gf_test/l2g_test/ -r,n/a,2018-07-09 22:55:15Z,No,2018-07-10 22:53:06Z,No,9d6d994a-6d04-11e5-ba46-22000b92c6ec,NERSC DTN,n/a,1,67861.944,n/a,n/a,1,0,4003,0,4003,n/a,No,n/a,n/a,n/a,2018-07-09 22:53:06Z,9d6d994a-6d04-11e5-ba46-22000b92c6ec,NERSC DTN,n/a,SUCCEEDED,n/a,d764cc98-83ca-11e8-9526-0a6d4e044368,TRANSFER,0,0,0,0,0,4005,4005
0,1094273853786,No,transfer --no-verify-checksum --perf-p=1 --perf-cc=15 -- nersc#dtn/global/cscratch1/sd/yuanlai/gf_test/read_test_files/ nersc#dtn/global/project/projectdirs/m2930/lyl/gf_test/l2g_test/ -r,n/a,2018-07-09 22:53:03Z,No,2018-07-10 22:50:28Z,No,9d6d994a-6d04-11e5-ba46-22000b92c6ec,NERSC DTN,n/a,1,56845.395,n/a,n/a,1,0,4003,0,4003,n/a,No,n/a,n/a,n/a,2018-07-09 22:50:28Z,9d6d994a-6d04-11e5-ba46-22000b92c6ec,NERSC DTN,n/a,SUCCEEDED,n/a,79a1c03e-83ca-11e8-9526-0a6d4e044368,TRANSFER,0,0,0,0,0,4005,4005
0,1094273853786,No,transfer --no-verify-checksum --perf-p=1 --perf-cc=14 -- nersc#dtn/global/cscratch1/sd/yuanlai/gf_test/read_test_files/ nersc#dtn/global/project/projectdirs/m2930/lyl/gf_test/l2g_test/ -r,n/a,2018-07-09 22:50:27Z,No,2018-07-10 22:48:14Z,No,9d6d994a-6d04-11e5-ba46-22000b92c6ec,NERSC DTN,n/a,1,66319.628,n/a,n/a,1,0,4003,0,4003,n/a,No,n/a,n/a,n/a,2018-07-09 22:48:14Z,9d6d994a-6d04-11e5-ba46-22000b92c6ec,NERSC DTN,n/a,SUCCEEDED,n/a,2995b578-83ca-11e8-9526-0a6d4e044368,TRANSFER,0,0,0,0,0,4005,4005
0,1094273853786,No,transfer --no-verify-checksum --perf-p=1 --perf-cc=13 -- nersc#dtn/global/cscratch1/sd/yuanlai/gf_test/read_test_files/ nersc#dtn/global/project/projectdirs/m2930/lyl/gf_test/l2g_test/ -r,n/a,2018-07-09 22:48:12Z,No,2018-07-10 22:46:07Z,No,9d6d994a-6d04-11e5-ba46-22000b92c6ec,NERSC DTN,n/a,1,70598.313,n/a,n/a,1,0,4003,0,4003,n/a,No,n/a,n/a,n/a,2018-07-09 22:46:07Z,9d6d994a-6d04-11e5-ba46-22000b92c6ec,NERSC DTN,n/a,SUCCEEDED,n/a,dde318dc-83c9-11e8-9526-0a6d4e044368,TRANSFER,0,0,0,0,0,4005,4005
0,1094273853786,No,transfer --no-verify-checksum --perf-p=1 --perf-cc=12 -- nersc#dtn/global/cscratch1/sd/yuanlai/gf_test/read_test_files/ nersc#dtn/global/project/projectdirs/m2930/lyl/gf_test/l2g_test/ -r,n/a,2018-07-09 22:46:05Z,No,2018-07-10 22:43:09Z,No,9d6d994a-6d04-11e5-ba46-22000b92c6ec,NERSC DTN,n/a,1,50023.948,n/a,n/a,1,0,4003,0,4003,n/a,No,n/a,n/a,n/a,2018-07-09 22:43:10Z,9d6d994a-6d04-11e5-ba46-22000b92c6ec,NERSC DTN,n/a,SUCCEEDED,n/a,73e3d7be-83c9-11e8-9526-0a6d4e044368,TRANSFER,0,0,0,0,0,4005,4005
0,1094273853786,No,transfer --no-verify-checksum --perf-p=1 --perf-cc=11 -- nersc#dtn/global/cscratch1/sd/yuanlai/gf_test/read_test_files/ nersc#dtn/global/project/projectdirs/m2930/lyl/gf_test/l2g_test/ -r,n/a,2018-07-09 22:43:07Z,No,2018-07-10 22:40:40Z,No,9d6d994a-6d04-11e5-ba46-22000b92c6ec,NERSC DTN,n/a,1,59960.211,n/a,n/a,1,0,4003,0,4003,n/a,No,n/a,n/a,n/a,2018-07-09 22:40:40Z,9d6d994a-6d04-11e5-ba46-22000b92c6ec,NERSC DTN,n/a,SUCCEEDED,n/a,1b19263e-83c9-11e8-9526-0a6d4e044368,TRANSFER,0,0,0,0,0,4005,4005
0,1094273853786,No,transfer --no-verify-checksum --perf-p=1 --perf-cc=10 -- nersc#dtn/global/cscratch1/sd/yuanlai/gf_test/read_test_files/ nersc#dtn/global/project/projectdirs/m2930/lyl/gf_test/l2g_test/ -r,n/a,2018-07-09 22:40:38Z,No,2018-07-10 22:37:53Z,No,9d6d994a-6d04-11e5-ba46-22000b92c6ec,NERSC DTN,n/a,1,53055.702,n/a,n/a,1,0,4003,0,4003,n/a,No,n/a,n/a,n/a,2018-07-09 22:37:53Z,9d6d994a-6d04-11e5-ba46-22000b92c6ec,NERSC DTN,n/a,SUCCEEDED,n/a,b7439e0a-83c8-11e8-9526-0a6d4e044368,TRANSFER,0,0,0,0,0,4005,4005
0,1094273853786,No,transfer --no-verify-checksum --perf-p=1 --perf-cc=9 -- nersc#dtn/global/cscratch1/sd/yuanlai/gf_test/read_test_files/ nersc#dtn/global/project/projectdirs/m2930/lyl/gf_test/l2g_test/ -r,n/a,2018-07-09 22:37:51Z,No,2018-07-10 22:35:01Z,No,9d6d994a-6d04-11e5-ba46-22000b92c6ec,NERSC DTN,n/a,1,51799.946,n/a,n/a,1,0,4003,0,4003,n/a,No,n/a,n/a,n/a,2018-07-09 22:35:01Z,9d6d994a-6d04-11e5-ba46-22000b92c6ec,NERSC DTN,n/a,SUCCEEDED,n/a,510cc788-83c8-11e8-9526-0a6d4e044368,TRANSFER,0,0,0,0,0,4005,4005
0,1094273853786,No,transfer --no-verify-checksum --perf-p=1 --perf-cc=8 -- nersc#dtn/global/cscratch1/sd/yuanlai/gf_test/read_test_files/ nersc#dtn/global/project/projectdirs/m2930/lyl/gf_test/l2g_test/ -r,n/a,2018-07-09 22:34:59Z,No,2018-07-10 22:31:42Z,No,9d6d994a-6d04-11e5-ba46-22000b92c6ec,NERSC DTN,n/a,1,44437.517,n/a,n/a,1,0,4003,0,4003,n/a,No,n/a,n/a,n/a,2018-07-09 22:31:42Z,9d6d994a-6d04-11e5-ba46-22000b92c6ec,NERSC DTN,n/a,SUCCEEDED,n/a,da12792a-83c7-11e8-9526-0a6d4e044368,TRANSFER,0,0,0,0,0,4005,4005
0,1094273853786,No,transfer --no-verify-checksum --perf-p=1 --perf-cc=7 -- nersc#dtn/global/cscratch1/sd/yuanlai/gf_test/read_test_files/ nersc#dtn/global/project/projectdirs/m2930/lyl/gf_test/l2g_test/ -r,n/a,2018-07-09 22:31:39Z,No,2018-07-10 22:28:12Z,No,9d6d994a-6d04-11e5-ba46-22000b92c6ec,NERSC DTN,n/a,1,42290.777,n/a,n/a,1,0,4003,0,4003,n/a,No,n/a,n/a,n/a,2018-07-09 22:28:12Z,9d6d994a-6d04-11e5-ba46-22000b92c6ec,NERSC DTN,n/a,SUCCEEDED,n/a,5d22b358-83c7-11e8-9526-0a6d4e044368,TRANSFER,0,0,0,0,0,4005,4005
0,1094273853786,No,transfer --no-verify-checksum --perf-p=1 --perf-cc=6 -- nersc#dtn/global/cscratch1/sd/yuanlai/gf_test/read_test_files/ nersc#dtn/global/project/projectdirs/m2930/lyl/gf_test/l2g_test/ -r,n/a,2018-07-09 22:28:11Z,No,2018-07-10 22:24:10Z,No,9d6d994a-6d04-11e5-ba46-22000b92c6ec,NERSC DTN,n/a,1,36475.795,n/a,n/a,1,0,4003,0,4003,n/a,No,n/a,n/a,n/a,2018-07-09 22:24:10Z,9d6d994a-6d04-11e5-ba46-22000b92c6ec,NERSC DTN,n/a,SUCCEEDED,n/a,cceac0be-83c6-11e8-9526-0a6d4e044368,TRANSFER,0,0,0,0,0,4005,4005
0,1094273853786,No,transfer --no-verify-checksum --perf-p=1 --perf-cc=5 -- nersc#dtn/global/cscratch1/sd/yuanlai/gf_test/read_test_files/ nersc#dtn/global/project/projectdirs/m2930/lyl/gf_test/l2g_test/ -r,n/a,2018-07-09 22:24:07Z,No,2018-07-10 22:19:00Z,No,9d6d994a-6d04-11e5-ba46-22000b92c6ec,NERSC DTN,n/a,1,28515.280,n/a,n/a,1,0,4003,0,4003,n/a,No,n/a,n/a,n/a,2018-07-09 22:19:00Z,9d6d994a-6d04-11e5-ba46-22000b92c6ec,NERSC DTN,n/a,SUCCEEDED,n/a,13ce9b46-83c6-11e8-9526-0a6d4e044368,TRANSFER,0,0,0,0,0,4005,4005
0,1094273853786,No,transfer --no-verify-checksum --perf-p=1 --perf-cc=4 -- nersc#dtn/global/cscratch1/sd/yuanlai/gf_test/read_test_files/ nersc#dtn/global/project/projectdirs/m2930/lyl/gf_test/l2g_test/ -r,n/a,2018-07-09 22:18:57Z,No,2018-07-10 22:12:59Z,No,9d6d994a-6d04-11e5-ba46-22000b92c6ec,NERSC DTN,n/a,1,24453.047,n/a,n/a,1,0,4003,0,4003,n/a,No,n/a,n/a,n/a,2018-07-09 22:12:59Z,9d6d994a-6d04-11e5-ba46-22000b92c6ec,NERSC DTN,n/a,SUCCEEDED,n/a,3cccc3de-83c5-11e8-9526-0a6d4e044368,TRANSFER,0,0,0,0,0,4005,4005
0,1094273853786,No,transfer --no-verify-checksum --perf-p=1 --perf-cc=3 -- nersc#dtn/global/cscratch1/sd/yuanlai/gf_test/read_test_files/ nersc#dtn/global/project/projectdirs/m2930/lyl/gf_test/l2g_test/ -r,n/a,2018-07-09 22:12:56Z,No,2018-07-12 22:10:47Z,No,9d6d994a-6d04-11e5-ba46-22000b92c6ec,NERSC DTN,n/a,1,17938.916,n/a,n/a,1,0,4003,0,4003,n/a,No,n/a,n/a,n/a,2018-07-09 22:04:48Z,9d6d994a-6d04-11e5-ba46-22000b92c6ec,NERSC DTN,n/a,SUCCEEDED,n/a,17ee606e-83c4-11e8-9526-0a6d4e044368,TRANSFER,0,0,0,0,0,4005,4005
0,1094273853786,No,transfer --no-verify-checksum --perf-p=1 --perf-cc=2 -- nersc#dtn/global/cscratch1/sd/yuanlai/gf_test/read_test_files/ nersc#dtn/global/project/projectdirs/m2930/lyl/gf_test/l2g_test/ -r,n/a,2018-07-09 22:04:45Z,No,2018-07-10 21:53:15Z,No,9d6d994a-6d04-11e5-ba46-22000b92c6ec,NERSC DTN,n/a,1,12687.233,n/a,n/a,1,0,4003,0,4003,n/a,No,n/a,n/a,n/a,2018-07-09 21:53:15Z,9d6d994a-6d04-11e5-ba46-22000b92c6ec,NERSC DTN,n/a,SUCCEEDED,n/a,7b04585e-83c2-11e8-9526-0a6d4e044368,TRANSFER,0,0,0,0,0,4005,4005
0,1094273853786,No,transfer --no-verify-checksum --perf-p=1 --perf-cc=1 -- nersc#dtn/global/cscratch1/sd/yuanlai/gf_test/read_test_files/ nersc#dtn/global/project/projectdirs/m2930/lyl/gf_test/l2g_test/ -r,n/a,2018-07-09 21:53:08Z,No,2018-07-10 21:31:43Z,No,9d6d994a-6d04-11e5-ba46-22000b92c6ec,NERSC DTN,n/a,1,6812.600,n/a,n/a,1,0,4003,0,4003,n/a,No,n/a,n/a,n/a,2018-07-09 21:31:43Z,9d6d994a-6d04-11e5-ba46-22000b92c6ec,NERSC DTN,n/a,SUCCEEDED,n/a,78fbf1d2-83bf-11e8-9526-0a6d4e044368,TRANSFER,0,0,0,0,0,4005,4005
